#gene1	gene2	strand1(gene/fusion)	strand2(gene/fusion)	breakpoint1	breakpoint2	site1	site2	type	direction1	direction2	split_reads1	split_reads2	discordant_mates	coverage1	coverage2	confidence	closest_genomic_breakpoint1	closest_genomic_breakpoint2	filters	fusion_transcript	reading_frame	peptide_sequence	read_identifiers	tumor_id	gene1--gene2	annots
KIAA1549	BRAF	-/-	-/-	7:138894342	7:140781693	splice-site	splice-site	duplication	upstream	downstream	4	9	1	137	396	high	.	.	duplicates(3),inconsistently_clipped(2),mismatches(1)	ATGTGGAGAAGGGCCACTGTAGCTGCAGGGAACAGaGgGGTGCAG___GTGGTAAATGTGTCGAGGCTGGAGGGAGATGACAATCCtGTACAGCTCATCTACgTTGgGGAGGATCAAGATGGAGAAAGACTCAGTGCAGTCAAGTCgTCGGACC...CCAGAGAGCAGCCATCATCTTGGGTTACCGAATTCAAGGTGTCATTGCCCAGC___CTGTCGACAGGGTGAAGAGGCCGTCTCCGGAATCCCAGAGCAACAACTTGTGGGTCATTGTTGGCGTGGTCATCCCAGTGCTGGTGGTGATGGTGATTGTTGTCATCCTCTACTGGAAACTATGCCGCACAGACAAGCTAGACTTTCAGCCTGACACTGTGGCCAACATTCAGCAGCGTCAGAAG|AAAACACTTGGTAGACGGGACTCGAGTGATGATTGGGAGATTCCTGATGGGCAGATTACAGTGGGACAAAGAATTGGATCTGGATCATTTGGAACAGTCTACAAGGGAAAGTGGCATG___GTGATGTGGCAGTGAAAATGTTGAATGTGACAGCACCTACACCTCAGCAGTTACAAGCCTTCAAAAATGAAGTAGGAGTACTCAG___GAAAACACGACATGTGAATATCCTACTCTTCATGGGCTATTCCACAAAGCCACAACTGGCTATTGTTACCCAGTGGTGTGAGGGCTCCAGCTTGTATCACCATCTCCATATCATTGAGACC	in-frame	QRAAIILGYRIQGVIAQPVDRVKRPSPESQSNNLWVIVGVVIPVLVVMVIVVILYWKLCRTDKLDFQPDTVANIQQRQK|KTLGRRDSSDDWEIPDGQITVGQRIGSGSFGTVYKGKWHGDVAVKMLNVTAPTPQQLQAFKNEVGVLRKTRHVNILLFMGYSTKPQLAIVTQWCEGSSLYHHLHIIE	.	BS_W97QQYKQ	KIAA1549--BRAF	"[""Cosmic"",""ChimerPub"",""ChimerSeq"",""chimerdb_pubmed"",""ChimerKB"",""INTRACHROMOSOMAL[chr7:1.74Mb]""]"
AC009093.3	ANK2	-/-	+/+	16:29082041	4:113174416	intron	splice-site	translocation	upstream	upstream	53	0	0	286	1054	medium	.	.	duplicates(13),inconsistently_clipped(5),mismatches(1)	TCGCGTCCGACCCCGGCCCGCCGCGGCCCCGAGTCCGCCGGCCGGGATGTAGGTGGCGCGGGAGGGACTTCGGCTGGGCGAGCAGAGGGCACAGCCGCCCCTTCCACTCTGCGGCGCAGGAGCCGGGGCGGGTCCGCGGGGCGCGGCGGCTGCGGAGACTCCGGGCGGGCGCGGGCCGCAGGCCCGACGCGGAGGAGACCGAGGAGACGCGGGAGACCCGGGCGTGACAGGAGGAAGAAACCCGGAGCCGCAGGAAGATGGCTTCTCCCACCTCCCCGGCCCCGGAAGGCGGGGCCTCCACCCCGCCGAACCCGCCGCGGATTCGTCAG|TCTGACAGCAATGCAAGCTTCCTCCGTGCTGCCAGAGCAGGCAACCTGGACAAAGTTGTGGAATATCTGAAGGGGGGCATAGACATCAATACCTGCAATCAG___AATGGACTCAACGCTCTCCATCTGGC	.	.	.	BS_W97QQYKQ	AC009093.3--ANK2	"[""INTERCHROMOSOMAL[chr16--chr4]""]"
RRN3P2	ANK2	+/-	+/+	16:29082041	4:113174416	intron	splice-site	translocation/3'-3'	upstream	upstream	53	0	0	286	1054	medium	.	.	duplicates(13),inconsistently_clipped(5),mismatches(1)	TCGCGTCCGACCCCGGCCCGCCGCGGCCCCGAGTCCGCCGGCCGGGATGTAGGTGGCGCGGGAGGGACTTCGGCTGGGCGAGCAGAGGGCACAGCCGCCCCTTCCACTCTGCGGCGCAGGAGCCGGGGCGGGTCCGCGGGGCGCGGCGGCTGCGGAGACTCCGGGCGGGCGCGGGCCGCAGGCCCGACGCGGAGGAGACCGAGGAGACGCGGGAGACCCGGGCGTGACAGGAGGAAGAAACCCGGAGCCGCAGGAAGATGGCTTCTCCCACCTCCCCGGCCCCGGAAGGCGGGGCCTCCACCCCGCCGAACCCGCCGCGGATTCGTCAG|TCTGACAGCAATGCAAGCTTCCTCCGTGCTGCCAGAGCAGGCAACCTGGACAAAGTTGTGGAATATCTGAAGGGGGGCATAGACATCAATACCTGCAATCAG___AATGGACTCAACGCTCTCCATCTGGC	.	.	.	BS_W97QQYKQ	RRN3P2--ANK2	"[""INTERCHROMOSOMAL[chr16--chr4]""]"
AC009093.9	ANK2	+/-	+/+	16:29082041	4:113174416	intron	splice-site	translocation/3'-3'	upstream	upstream	53	0	0	286	1054	medium	.	.	duplicates(13),inconsistently_clipped(5),mismatches(1)	TCGCGTCCGACCCCGGCCCGCCGCGGCCCCGAGTCCGCCGGCCGGGATGTAGGTGGCGCGGGAGGGACTTCGGCTGGGCGAGCAGAGGGCACAGCCGCCCCTTCCACTCTGCGGCGCAGGAGCCGGGGCGGGTCCGCGGGGCGCGGCGGCTGCGGAGACTCCGGGCGGGCGCGGGCCGCAGGCCCGACGCGGAGGAGACCGAGGAGACGCGGGAGACCCGGGCGTGACAGGAGGAAGAAACCCGGAGCCGCAGGAAGATGGCTTCTCCCACCTCCCCGGCCCCGGAAGGCGGGGCCTCCACCCCGCCGAACCCGCCGCGGATTCGTCAG|TCTGACAGCAATGCAAGCTTCCTCCGTGCTGCCAGAGCAGGCAACCTGGACAAAGTTGTGGAATATCTGAAGGGGGGCATAGACATCAATACCTGCAATCAG___AATGGACTCAACGCTCTCCATCTGGC	.	.	.	BS_W97QQYKQ	AC009093.9--ANK2	"[""INTERCHROMOSOMAL[chr16--chr4]""]"
DAB1	OMA1	-/-	-/-	1:58506060	1:58539310	splice-site	splice-site	duplication	upstream	downstream	1	4	1	99	63	medium	.	.	duplicates(2),inconsistently_clipped(1)	ACCATACAGCAGAAAATTGGAGGCCGAAGCTGACAAAATTGGACTACTGCTTGCTGCAAAG___GCTTGTGCAGACATAAGAGCCAGTTCAGTGTTTTGGCAGCAAATGGAGTTCGTTGATAGCCTGCATGGCCAACCCAAGATGCCAGAATGGTTATCTACACACCCTTCTCATGGCAATCGAGTTGAGTACTTGGATAGACTTATACCTCAG|GTAaTCAAGTGAAAAAATGAGCTTCATCTGTGGATTGCAGTCTGCTGCTAGAAACCATGTTTTCTTCCGATTTAATTCACTGTCTAACTGGAGAAAATGTAACACATTAGCATCCACCTCACGGGGCTGTCATCAAGTACAAGTTAACCATATAGTAAATAAGTATCAGGGACTGGGAGTAAATCAGTGTGACAGGTGG	.	.	.	BS_W97QQYKQ	DAB1--OMA1	"[""INTRACHROMOSOMAL[chr1:0.13Mb]""]"
DAB1	OMA1	-/-	-/-	1:58253807	1:58539310	intron	splice-site	duplication	upstream	downstream	1	1	3	4	63	medium	.	.	duplicates(1),small_insert_size(1)	CCAAGGTATTCCTGTATGGAGAAAAGCTTTGGCGAAACGCTGCCTGAAGAAGGAAACCTGGGGGAACATGAAAAAATATATATCAAGAATGGGCAGAGGAAGGAGGTCTGTGCAGAGAAGCAAGATGGGAACAAGGAACACAAACAGG...TGACTATTCCTGCCTGTCCAGTTGAAAAACAGAAGCTCAGGTCCTAGTATCATGGCCCTGAAAGAGAAAGACATTTGCAGAGCTTGTGCAGTGATCACCCAG|GTAaTCAAGTGAAAAAATGAGCTTCATCTGTGGATTGCAGTCTGCTGCTAGAAACCATGTTTTCTTCCGATTTAATTCACTGTCTAACTGGAGAAAATGTAACACATTAGCATCCACCTCACGGGGCTGTCATCAAGTACAAGTTAACCATATAGTAAATAAGTATCAGGGACTGGGAGTAAATCAGTGTGACAGGTGGAGTTTTCTGCCTGGAAACTTTCATTTTTATAGTACTTTTAACAACAAAAGAACAGGAGGCCTCTCAAGTACCAAAAGTAAGGAAATTTGGAGGATTACCAGCAAATGTACTGTATGGAAT	.	.	.	BS_W97QQYKQ	DAB1--OMA1	"[""INTRACHROMOSOMAL[chr1:0.13Mb]""]"
DAB1	OMA1	-/-	-/-	1:58506060	1:58536741	splice-site	splice-site	duplication	upstream	downstream	1	1	0	99	98	medium	.	.	.	CAGACATAAGAGCCAGTTCAGTGTTTTGGCAGCAAATGGAGTTCGTTGATAGCCTGCATGGCCAACCCAAGATGCCAGAATGGTTATCTACACACCCTTCTCATGGCAATCGAGTTGAGTACTTGGATAGACTTATACCTCAG|GGGCATAAGGAAATGGTGGCAGGCACTTCCTCCTAACAAGAAGGAAGTAGTTAAAGAAAATATAAGGAAGAATAAATGGAAGCTATTCCTTGGTTTGAGTAGTTTTGGATTGCTCTTTGTGGTGTTTTATTTTACTCACCTGGAAGTAAGTCCAATCACAG	out-of-frame	DIRASSVFWQQMEFVDSLHGQPKMPEWLSTHPSHGNRVEYLDRLIPQ|ghkemvagtss*	.	BS_W97QQYKQ	DAB1--OMA1	"[""INTRACHROMOSOMAL[chr1:0.13Mb]""]"
DAB1	OMA1	-/-	-/-	1:58527261	1:58536741	splice-site	splice-site	duplication	upstream	downstream	1	0	0	139	98	low	.	.	.	GAAATAGCACATGCAGTACTTGGGCATGCT___GTATGATTTTCCTCACAATGATTTGGGCCATTTGTCCTCGAGATAGCTTGGCACTTTTGTGCCAGTGGATACAGTCTAAATTGCAGGAG___TATATGTTTAATAGACCATACAGCAGAAAATTGGAGGCCGAAGCTGACAAAATTGGACTACTGCTTGCTGCAAAG|GGGCATAAGGAAATGGTGGCAGGCACTTCCTCC	.	.	.	BS_W97QQYKQ	DAB1--OMA1	"[""INTRACHROMOSOMAL[chr1:0.13Mb]""]"
DAB1	OMA1	-/-	-/-	1:58506060	1:58534331	splice-site	splice-site	duplication	upstream	downstream	1	0	0	99	75	low	.	.	.	GCTTGTGCAGACATAAGAGCCAGTTCAGTGTTTTGGCAGCAAATGGAGTTtGTTGATAGCCTGCATGGCCAACCCAAGATGCCAGAATGGTTATCTACACACCCTTCTCATGGCAATCGAGTTGAGTACTTGGATAGACTTATACCTCAG|TGGATGGAAGAATTTAAAAATGATATGCTAACTGAGAAAGATGCCCGATACCTGGCTGTTAAAGAAGTGCTTTGTCATCTAATTGAATGCAATAAAGATGTTCCAGGG	in-frame	ACADIRASSVFWQQMEFVDSLHGQPKMPEWLSTHPSHGNRVEYLDRLIPQ|WMEEFKNDMLTEKDARYLAVKEVLCHLIECNKDVP	.	BS_W97QQYKQ	DAB1--OMA1	"[""INTRACHROMOSOMAL[chr1:0.13Mb]""]"
OAZ1	FKBP8	+/+	-/-	19:2269744	19:18541995	splice-site	splice-site	inversion	downstream	downstream	2	1	0	6618	1983	medium	.	.	.	TCGGACCCCAGCGGCCGGATGGTGAAATCCTCCCTGCAGCGGATCCTCAATAGCCACTGCTTCGCCAGAGAGAAGGAAGGGGATAAACCCAGCGCCACCATCCACGCCAGCCGCACCATGCCGCTCCTAAGCCTGCACAGCCGCGGCGGCAGCAGCAGTGAGAG|GGCCAATTCCTGTCCCCCCAGCAGCATGGCATCGTGTGCTGAACCCTCTGAGCCCTCTGCCCCACTGCCCGCCGGGGTCCCACCGCTCGAGGACTTCGAGGTACTGGATGGGGTTGAGGATGCAGAGGGTGAGGAGGAAGAGGAGGAGGAAGAGGAGGAAGAGGATGACCTGAGTGAGCTGCCACCGCTGGAGGACATGGGACAACCCCCGGCGGAG	in-frame	MVKSSLQRILNSHCFAREKEGDKPSATIHASRTMPLLSLHSRGGSSSEr|anscppssMASCAEPSEPSAPLPAGVPPLEDFEVLDGVEDAEGEEEEEEEEEEEDDLSELPPLEDMGQPPA	.	BS_W97QQYKQ	OAZ1--FKBP8	"[""ChimerSeq"",""GTEx"",""INTRACHROMOSOMAL[chr19:16.26Mb]""]"
AC005258.1	FKBP8	+/+	-/-	19:2269744	19:18541995	splice-site	splice-site	inversion	downstream	downstream	2	1	0	6618	1983	medium	.	.	.	TCGGACCCCAGCGGCCGGATGGTGAAATCCTCCCTGCAGCGGATCCTCAATAGCCACTGCTTCGCCAGAGAGAAGGAAGGGGATAAACCCAGCGCCACCATCCACGCCAGCCGCACCATGCCGCTCCTAAGCCTGCACAGCCGCGGCGGCAGCAGCAGTGAGAG|GGCCAATTCCTGTCCCCCCAGCAGCATGGCATCGTGTGCTGAACCCTCTGAGCCCTCTGCCCCACTGCCCGCCGGGGTCCCACCGCTCGAGGACTTCGAGGTACTGGATGGGGTTGAGGATGCAGAGGGTGAGGAGGAAGAGGAGGAGGAAGAGGAGGAAGAGGATGACCTGAGTGAGCTGCCACCGCTGGAGGACATGGGACAACCCCCGGCGGAG	in-frame	MVKSSLQRILNSHCFAREKEGDKPSATIHASRTMPLLSLHSRGGSSSEr|anscppssMASCAEPSEPSAPLPAGVPPLEDFEVLDGVEDAEGEEEEEEEEEEEDDLSELPPLEDMGQPPA	.	BS_W97QQYKQ	AC005258.1--FKBP8	"[""INTRACHROMOSOMAL[chr19:16.19Mb]""]"
JAK2	JAK2	+/+	+/+	9:5072626	9:5021963	splice-site	splice-site	duplication/non-canonical_splicing	downstream	upstream	1	3	2	106	185	low	.	.	duplicates(1)	ACATTACAGAGGCCTACTCATATGAACCAAATGGTGTTTCACAAAATCAGAAATGAAGATTTGATATTT___AATGAAAGCCTTGGCCAAGGCACTTTTACAAAGATTTTTAAAGGCGTACGAAGAGAAGTAGGAGACTACGGTCAACTGCATGAAACAGAAGTTCTTTTAAAAGTTCTGGATAAAGCACACAGAAACTATTCAGAG|GCAAATGTTCTGAAAAAGACTCTGCATGGGAATGGCCTGCCTTACGATGACAGAAATGGAGGGAACATCCACCTCTTCTATATATCAGAATGGTGATATTTCTGGAAATGCCAATTCTATGAAGCAAATAGATCCAGTTCTTCAGGTGTATCTTTACCATTCCCTTGGGAAATCTGAGGCAGATTATCT	out-of-frame	TLQRPTHMNQMVFHKIRNEDLIFNESLGQGTFTKIFKGVRREVGDYGQLHETEVLLKVLDKAHRNYSE|anvlkktlhgnglpyddrnggnihlfyisew*	.	BS_W97QQYKQ	JAK2--JAK2	"[""SELFIE"",""[\""ChimerSeq\""]"",""INTRACHROMOSOMAL[chr9:0.14Mb]""]"
BHLHB9	LINC00630	+/+	+/+	X:102746178	X:102815486	intron	intron	deletion/read-through	downstream	upstream	1	0	4	89	8	low	.	.	duplicates(2),mismappers(2)	CCCTTCCCGACACCCTCGCGGAGAGAGCGGTTCTTGCAGCATCCTGCGCAGCCCCTGCCCAGTTTGGTGCAGAGGCGTGGGGGGCGGGACGCGTCTTTGCCATTCTGATAGCGGGGAAAGCGGTGAGAATCGAAGTGAGGAGCCGCCAGAGGAGAGCTGAGGAGAGGAGGGGGAGGTCGACGACCTGGGCCCTGGGCCTCTGAAGGaA|g|TGTCTCTGGCCACTGTGTGGAGAATGGACTGGAGAG	.	.	.	BS_W97QQYKQ	BHLHB9--LINC00630	"[""FA_CancerSupp"",""INTRACHROMOSOMAL[chrX:0.02Mb]"",""NEIGHBORS[15621]""]"
AL121578.3	SYTL5	+/+	+/+	X:37906609	X:38033534	splice-site	splice-site	deletion/read-through	downstream	upstream	2	3	0	36	94	low	.	.	.	ATATTCTTAATTTACCGGGTACCTTCACATGTCCGAATGCGGCGTTTATGGAGCTAGGAATGTTTTATTTGTTTCGTGTATTTCCCTCCTCTCCCCCATTTTCCTCCGGTGTAATTCTTAGAGGTGGGGACAGGAGAGCCAGAGGGCTTAGCTGGGATCCTTTGCCAGAGTGGCTTCTTCATTCTCTGCGAGGTAGCAGATGTTTTACTGTAGCCTGAGTTGGGATCTTGGAACAACCCTCTCCAGCCCAGGACATGCCAGCGCTTAAG|TGTTTTCTGCATTCTCTCCCAGCGGATCTGATTCCTGTTCTGAAGAATTGAAGTTGAGCATCGTTAGTTAAATTCAGCTGCTGCCTGACTGTATACCACAGCAAAGGCTTTGGAAACATTTTTCAGTTAAAACAATAATGACTTTCTTGGAGTGTAATCCCAGTGGAGGCTGTTCTACGTATAGCCTGAAAGAATACTTAACTAC	.	.	.	BS_W97QQYKQ	AL121578.3--SYTL5	"[""INTRACHROMOSOMAL[chrX:0.06Mb]"",""NEIGHBORS[57177]""]"
AL121578.3	SYTL5	+/+	+/+	X:37939689	X:38054213	splice-site	splice-site	deletion/read-through	downstream	upstream	1	0	0	47	84	low	.	.	duplicates(1)	CCCTCCTGAGGCTGGACCAGCTGCCTCTCCGTCTAG___GTGCACTGGCTGAGCGCCATCAATTATACACATTAATGCAATTAGTCAAGATACAGAAGCTTGTATTCCAAATGAAAATTTCCTACATCTGAGGCATCTGTGTAAAAG|GAAGCTGAAAAATGAACTCTTAGAAGCAAAACGTAGAAGTGGG	.	.	.	BS_W97QQYKQ	AL121578.3--SYTL5	"[""INTRACHROMOSOMAL[chrX:0.06Mb]"",""NEIGHBORS[57177]""]"
AC091212.1	DCBLD2	+/-	-/-	3:98912558	3:98881767	intron	splice-site	deletion/read-through/3'-3'	upstream	downstream	1	4	0	15	1256	low	.	.	duplicates(2),mismatches(1)	CAAATATCACTGATGATGATGAATGGATTGAGGAATGCGGAATGCATTGTACTAAAAGG___GAATTATTTTTGTCTGCAATCAATCCTTCAGAAGAATCTCTCACATCTTCACTTTTGTGCA|GTGATGGATGTGGACACACTGTACTAGGCCCTGAGAGTGGAACCCTTACATCCATAAACTACCCACAGACCTATCCCAACAGCACTGTTTGTGAATGGGAGATCCGTGTAAAGATGGGAGAGAGAGTTCGCATCAAATTTGGTGACTTTGACATTGAAGATTCTGATTCTTGTCACTTTAATTACT	.	.	.	BS_W97QQYKQ	AC091212.1--DCBLD2	"[""INTRACHROMOSOMAL[chr3:0.00Mb]"",""LOCAL_INVERSION:+:-:[735]""]"
AL008707.1	TENM1	-/-	-/-	X:125185643	X:124963817	3'UTR	5'UTR	deletion/read-through	upstream	downstream	3	1	0	41	24	low	.	.	duplicates(1)	CTCGAACAGTAATGTGGATTTACAGTCGTTTCCCGCAGGAGTCGGCCGAGACGCCCTAAGTCCCGGGCACTGGCAGCGCCCGGCGGAGCCGAGCACCTGGCGAGGGGGCGGGGGAACAGCACCTGGGGACGCCGCCGAAACTTGCGCTTGGAATAG___GAATTACAAGGGTGACCTTTATTCCGCTGTCTCCTTTTTGATTCCCATAACTTCTGGACCTATCAAG|GACTGCTTGCATTAAAGGACTTCCTCATCCTTTTTTTCATGAAACTGAGC...GCAAACCCTACCAGCCTCTACCAAAAGTCAAGCATGAAATGGATCTAGCTTACACCAGTTCTTCTGATGAGAGTGAAGATGGAAGAAAACCAAGACAGTCATACAACTCCAGGGAGACCCTGCACGAGTATAACCAGGAGCTGAGGATGA	.	.	.	BS_W97QQYKQ	AL008707.1--TENM1	"[""INTRACHROMOSOMAL[chrX:0.24Mb]""]"
ERC2	ERC2	-/-	-/-	3:55683794	3:55992250	splice-site	splice-site	duplication/non-canonical_splicing	upstream	downstream	2	2	0	93	86	low	.	.	.	CCGACTAGTACATCAATTAAAGCAGCAG___ACCCAGAACAGAATGAAGTTGATGGCAGACAACTATGATGATGACCATCACCATTACCACCACCACCACCATCACCACCACCATCGATCTCCTGGGAGGTCGCAACATTCCAATCACAGGCCCTCTCCGGACCAG___GATGACGAGGAGGGCATATGGGCATAGCCGGGCCTGTAAACCAAAGTTCCAGTTTTGTTTTGAGGG|GCACATAATATTGAAGATGACTCCAGGATGAACCCTGAGTTTGCAGACCAAATAAAACAGCTCGATAAAGAGGCGTCTTACTACCGCGACGAGTGTGGCAAGGCCCAAGCGGAAGTGGACCGGTTGCTGGAGATCCTCAAGGAGGTGGAGAATGAGAAGAATGACAAGGACAAGAAGATCGCAGAACTGGAGAG___GCATATGAAAGATCAGAATAAGAAGGTGGCCAACCTCAAGCACAATCAACAGTTGGAAAAGAAGAAAAATGCTCAGTTACTAGAAGAAGTGCGCAGGCGAGAAGACAGCATGGCTGACAACTCACAGCATTTGCAG___ATAGAGGAACTGATGAATGCACTGGAGAAGACCAGACAG	in-frame	RLVHQLKQQTQNRMKLMADNYDDDHHHYHHHHHHHHHRSPGRSQHSNHRPSPDQDDEEGIWA*pgl*tkvpvlf*g|AHNIEDDSRMNPEFADQIKQLDKEASYYRDECGKAQAEVDRLLEILKEVENEKNDKDKKIAELERHMKDQNKKVANLKHNQQLEKKKNAQLLEEVRRREDSMADNSQHLQIEELMNALEKTR	.	BS_W97QQYKQ	ERC2--ERC2	"[""SELFIE"",""INTRACHROMOSOMAL[chr3:0.96Mb]""]"
TENM1(220891),AL008707.1(19097)	TENM1	./-	-/-	X:125184708	X:124963817	intergenic	5'UTR	deletion/read-through	upstream	downstream	1	2	0	7	24	low	.	.	duplicates(1)	AGGAATTACAAGGGTGACCTTTATTCCGCTGTCTCCTTTTTGATTCCCATAACTTCTGGACCTATCAAG___TGCTATGCATCATTACTCAAATGTGAATTCTCATTTCAAGCTGTAAAAAAGTCAAAAGGATGATCTGAATTTGTG|GACTGCTTGCATTAAAGGACTTCCTCATCCTTTTTTTCATGAAACTGAGCTTGCTTAATCAGAGATGGAGCAAACTGACTGCAAACCCTACCAGCCTCTACCAAAAGTCAAGCATGAAATGGATCTAGCTTACACCAGTTCTTCTGATGAGAGTGAAGATGGAAGAAAACCAAGACAGTCATACAACTCCAGGGAGACCCTGCACGAGTATAACCAGGAGCTGAGGA	.	.	.	BS_W97QQYKQ	TENM1(220891),AL008707.1(19097)--TENM1	[]
AC063977.5(10895),IGLON5(17931)	IGLON5	./+	+/+	19:51293917	19:51322064	intergenic	splice-site	deletion/read-through	downstream	upstream	1	2	0	13	159	low	.	.	.	AAGAAGGCTTGCCCCTTAAGAAACCAGAGCTGCTGGAGGAgACAGAAGTACCCAAAATGCCTGAAGCTGACACCCCACCAGACCGGGCTGGAG|GGCTGCTCTCCCAGAGCCTGGAGTTCAACTCTCCTGCCGACAACTACACAGTGTGTGAAGGTGACAACGCCACCCTCAG___CTGCTTCATCGACGAG	.	.	.	BS_W97QQYKQ	AC063977.5(10895),IGLON5(17931)--IGLON5	[]
AC103982.1	ISG20	-/-	+/-	15:88798656	15:88652292	splice-site	CDS	deletion/read-through/5'-5'	upstream	downstream	2	1	0	8	233	low	.	.	duplicates(1)	CAGCTCTGCGAGCCCCCTCTGGAGCGGCGGGGAG___GCAATTAAAATGAAGACTGTTTCCATGCGGGCCCCCGTGAAAGGGATTCCTGTGTATCTCAAGCAACAAAGAGAGCTGTGGAGCAAGGAGATTCCCTGTGTAATCGGGAGCACTGGATGTGAATCCCAGGTCTGGCATGGGAACCTTGG|GAGGCGCTCACTCAGCACCCGCAGGGAGACACGCCTGCAGTGGTCCAGCTTGGCC...CAGGTCATGACCCACCACCAGCTTGCCTTTCAGGAGCTGCAGGATCTGGCCAGGAAGACATGTGCCCACCCCTACATGACCCAGCATCTTCTGGGTGGGGCTGGGGCTGGCAAGGGAGCAATCCCTCCTTGACTGGCTGTaTGACCTTGGG	.	.	.	BS_W97QQYKQ	AC103982.1--ISG20	"[""INTRACHROMOSOMAL[chr15:0.14Mb]""]"
AC096536.3	TMEM61	+/+	+/+	1:54887135	1:54986097	splice-site	splice-site	deletion/read-through	downstream	upstream	3	0	0	329	41	low	.	.	duplicates(1)	CGGCGCCGCTCACCTGCTTCTGGATGTCCCGCACGCGCTGCTCGTGCAGGCGCGGAGCGCTGCTGAGCTTGAACACCACCCAGGCGCGCACGTAGTAGTAGATATCGAAGATAAGCGAGAGCGGCAGGAGGAAGAGGCACACGAACACCCAGCGCTGGTGGATGAGCACGAACTCCAGCCCCTTCAGGCGCACCCACAGCAGGAAGAGCAGCGCGCACACGGCCAGCGACACGGCGGGCTCCATGGTGCGGCGCCGCGCG|ATGTGTGACGGGAGCCACTTGGCCTCCACCCTCCGCTATTGCATGACAGTCAGCGGCACAGTGGTTCTGGTGGCCGGGACGCTCTGCTTCGCTTGGTGGAGCGAAGGGGATGCAACCGCCC	.	.	.	BS_W97QQYKQ	AC096536.3--TMEM61	"[""INTRACHROMOSOMAL[chr1:0.09Mb]"",""NEIGHBORS[92791]""]"
RPSAP53(30527),LINC00364(74154)	PCDH9	./-	-/-	13:67298233	13:67228575	intergenic	splice-site	deletion/read-through	upstream	downstream	2	1	0	11	510	low	.	.	.	GACAAATGAAAAAGGGAGAATGAAAAGGAGGTTGCCAGTGGGCACAGGAATGACTTTTCCTTTGAACCAGGGGAGAGACGTTCCCAAAGGAGAGAAATAAACAAAGGTGAAAATTTTCTGCCAGTTAGAAG|CGGCTGTCTCCAAATAAGTGATGAGATATAATGCATCCTCCAGTCCATGCACGCTTCCTCTTGCAATTTGTGCATCATTCCTCAGTGGAAACCTTTAAACCCTAAAATCCAG	.	.	.	BS_W97QQYKQ	RPSAP53(30527),LINC00364(74154)--PCDH9	[]
PLEKHA8	PLEKHA8	+/+	+/+	7:30062742	7:30045085	splice-site	splice-site	duplication/non-canonical_splicing	downstream	upstream	1	1	1	33	39	low	.	.	.	TATATAACCAACAAAGAAGAGTTTACCACTCTCCAGAAGATAGTGCTGCACGAAGTGGAGGCGGATGTAGCCCAGGTTAGGAACTCAGCGACTGAAGCCCTCTTGTGGCTGAAGAG___AGGTCTCAAATTTTTGAAGGGATTTTTGACAGAAGTGAAAAATGGGGAGAAGGATATCCAGACAGCCCTAA|GTTGGCAGCCTCGATGGTTCCTTCTCTGTGGGGGAATATTGTCCTATTATGATTCTCCTGAAGATGCCTGGAAAGGTTGCAAAGGGAGCATACAAATGGCAGTCTGTGAAATTCAAG___TTCATTCTGTAGATAATACACGCATGGACCTGATAATCCCTGGGGAACAGTATTTCTACCTGAAGGCCAGAAGTGTG...CCTGGGATCAGCCAAGGCTTGCCTGACTGACAGTAGGACCCAGAAGGAGAAAG___AGTTTGCTGAAAACACTGAAAACTTGAAAACCAAAATGTCAGAACTAAGACTCTACTGTGACCTCCTTGTTCAGCAAGTAGATAAAACAAAAGAAGTG	in-frame	YITNKEEFTTLQKIVLHEVEADVAQVRNSATEALLWLKRGLKFLKGFLTEVKNGEKDIQTAL|sWQPRWFLLCGGILSYYDSPEDAWKGCKGSIQMAVCEIQVHSVDNTRMDLIIPGEQYFYLKARS	.	BS_W97QQYKQ	PLEKHA8--PLEKHA8	"[""SELFIE"",""INTRACHROMOSOMAL[chr7:0.10Mb]""]"
AC009975.1	STON1-GTF2A1L	+/+	+/+	2:48946405	2:48776283	splice-site	CDS	duplication	downstream	upstream	0	1	0	0	23	low	.	.	.	AGCTGCAGGCTGCTAAGAGCAATCAGCTGGGCAG|GGAGATACCAGGGTTCGTCATGGGCAGCAATGACTACGATGGACAAGAAGATAGAGGCCCTAATCCTAATTTTCTGAGCACCATGGAAGCCCCCTGGATTCTAGGGAGACCTTGAGGAGAAAGAAGACTCCTGTAAATGCCTGACATTGAAATTCCTGCAAGTCTAGGAGCATGTGAACTCAAAATGGAAATTAATTTGATTTAATAAAAATAAAGAAG	.	.	.	BS_W97QQYKQ	AC009975.1--STON1-GTF2A1L	"[""INTRACHROMOSOMAL[chr2:0.03Mb]"",""LOCAL_REARRANGEMENT:+:[32859]""]"
